locationName,longitude,latitude,altitude,locationType,timeZone,recordDateandTime
Williamberg,-59.78227881631743,-62.99328752119792,2737.898944236168,Suburban,America/Barbados,2024-10-26T23:09:43
Kempville,-144.79899574910976,-60.87221769066138,1237.4863063777968,Urban,Africa/Monrovia,2024-01-15T03:58:56
Hillmouth,41.52190394104164,-52.9359698435657,2136.5481754822076,Rural,Africa/Nouakchott,2024-10-03T18:51:51
Morganmouth,-85.55691793519205,88.7879520120427,4833.4516568115605,Urban,America/Lima,2024-10-17T13:30:17
West Jody,45.632605561923896,76.84035602266027,1933.6828396093858,Rural,Africa/Windhoek,2024-04-26T21:50:03
Theodoreshire,-80.56785387106281,43.989298046379986,1534.636051028757,Suburban,Europe/Copenhagen,2024-06-18T05:58:09
Port Kathrynfort,-113.29203360995294,77.48971435202233,3045.2756134523156,Suburban,Africa/Dar_es_Salaam,2024-08-22T00:49:44
East Rachelbury,-24.199613414454205,-71.8595165378411,3891.0367965622413,Urban,Europe/Zagreb,2024-01-03T01:13:06
West Shaun,-41.359853897890815,-68.5496910253468,2486.352747072686,Suburban,Atlantic/Reykjavik,2024-07-20T11:39:01
Samanthafurt,62.23443925461535,66.69290736818519,275.18651252727346,Suburban,Asia/Vientiane,2024-03-08T00:48:36
Hillport,26.881907742688554,-67.00726077929909,2117.178909526375,Suburban,America/Caracas,2024-09-10T23:52:45
West Tiffany,100.41259819016744,-22.46184089382176,3131.93812520894,Urban,Africa/Sao_Tome,2024-02-08T14:39:16
East Eric,-65.40564580585023,-41.417827310184464,4399.427477951952,Suburban,Africa/Gaborone,2024-07-27T15:47:57
North Kathleenborough,-50.85623978286037,25.48058214706171,2018.712169814838,Suburban,Europe/Vaduz,2024-07-27T19:48:51
South Megan,84.57021883827952,19.70935839294488,3282.1154008965514,Rural,Asia/Colombo,2024-09-24T18:17:53
Andersonside,145.8478610241683,-18.928555272601884,935.9321795454306,Urban,Africa/Harare,2024-09-25T07:23:53
South Amberside,141.25013695813323,-16.38693365830514,4005.996747565663,Rural,America/Jamaica,2024-08-03T02:13:43
Goodmanburgh,146.7420265064755,-32.471970697177994,2906.6867059503015,Suburban,Europe/Tallinn,2024-07-16T05:58:06
Lake Oliviamouth,7.551840898579286,60.62776302822917,1969.0086039510495,Suburban,Africa/Bissau,2024-05-22T11:41:59
East Bryanhaven,-121.77009897393107,-26.04154632158447,1528.341029480626,Rural,America/Panama,2024-06-29T00:00:40
Smithton,-129.61451039968802,-67.48803298388162,809.7511440912914,Suburban,Europe/Minsk,2024-02-08T10:29:55
Johnsonmouth,22.498659565630902,42.322232047265544,2214.177560658022,Urban,Africa/Malabo,2024-08-01T16:01:44
North Donnastad,17.289470837084195,-72.42683347363385,2055.382611409165,Rural,America/Port_of_Spain,2024-03-20T19:07:54
West Tomburgh,6.978194648639317,-38.666783883474224,4197.680742798919,Rural,Asia/Tokyo,2024-03-23T18:55:09
Buckshire,-102.9287507649744,63.89993863880818,4180.682793868146,Suburban,America/Costa_Rica,2024-05-30T09:44:05
North Davidport,-160.06481333519233,60.97907223586583,159.89107583559593,Rural,Africa/Algiers,2024-09-08T08:46:15
Brittanytown,-176.45832732896667,-23.827796357415338,4953.924223698374,Urban,Africa/Johannesburg,2024-03-26T22:28:57
Leemouth,-76.03247592908492,2.5083113936703114,2990.828940275864,Suburban,Africa/Lusaka,2024-01-25T07:21:53
South Benjaminmouth,57.10526270708277,48.45593760939275,1841.8834811102497,Suburban,Africa/Porto-Novo,2024-03-11T08:31:02
North Monica,-103.92385498805696,-32.97729026446006,1835.4938950252524,Suburban,America/Cancun,2024-10-09T03:20:38
Lake Rodneybury,-63.65207000639461,33.40614570734945,4977.491436492106,Urban,America/El_Salvador,2024-02-22T16:34:33
Murphymouth,-31.367677437980035,71.99298344492482,240.08573660958155,Rural,Africa/Ouagadougou,2024-08-04T08:58:41
New Joseph,-68.57449670631289,89.94568022599978,513.1129058912564,Urban,America/Panama,2024-04-01T01:08:05
Steeleshire,-62.346431248306146,-7.75947452999155,3515.0739113991613,Urban,Africa/Djibouti,2024-11-20T02:22:35
Lake Markview,126.37699205987758,9.730512466737835,4376.69226812489,Rural,Africa/Cairo,2024-04-01T23:36:12
West Michaelfurt,-119.37758875242554,40.65137939528515,2511.7196187092172,Rural,Europe/Zurich,2024-11-05T03:34:00
West Kevintown,-164.05261278784081,64.46860817502773,2629.3252488182284,Rural,Europe/Sofia,2024-10-26T08:44:15
Jamestown,130.28865466915278,-10.610308257940957,4814.670332524172,Suburban,America/Monterrey,2024-04-09T10:14:15
Chelseaport,92.61544480109285,-65.46261958207731,882.8757743021421,Suburban,Europe/Copenhagen,2024-01-05T08:12:30
Alyssastad,50.14319749927458,48.0527501999764,387.4446886219052,Suburban,Europe/Amsterdam,2024-10-18T11:44:33
Williamsview,133.4984385404939,66.17647102403689,2917.2781711705043,Rural,Africa/Sao_Tome,2024-01-27T05:08:54
Hensleyview,157.52556092534456,-52.13856194927,928.029847846184,Urban,Europe/Sarajevo,2024-06-02T06:55:11
East Rodneystad,40.737726610224826,87.44666212442607,2512.7676444679823,Urban,Pacific/Fiji,2024-05-04T15:58:14
Burnsville,154.66476524544248,-68.20041457274323,4321.330272597407,Suburban,Europe/Vaduz,2024-01-07T15:29:13
North Christopherton,5.9069246054156395,52.139524656268804,388.343311220829,Urban,Africa/Lubumbashi,2024-03-31T23:45:32
West Sherri,123.95909817800646,11.51933140519074,4217.836734045021,Rural,America/Recife,2024-06-12T01:28:17
Carolynland,-56.125733657866476,-81.58088192234575,3326.4325940824574,Urban,Asia/Dubai,2024-09-27T09:18:32
Johnsonborough,-72.80383585766668,43.86195018971179,3913.54050480088,Suburban,Africa/Sao_Tome,2024-01-28T07:36:24
Lake Raymond,24.929724386410385,-65.59689972581961,158.69154477935632,Suburban,Africa/Nairobi,2024-11-20T07:45:11
North Emilyfort,158.44575004601597,46.094737072441546,439.02469060798535,Suburban,America/Jamaica,2024-08-23T15:34:34
Lake Aaronport,158.9193651959783,81.92833921313019,3254.1753584508056,Rural,Asia/Tashkent,2024-02-13T02:09:09
Lake Ruth,-36.413123805824256,-1.9734293537927527,855.1618008825957,Suburban,Africa/Mbabane,2024-01-28T01:54:09
Port John,-103.52591031242895,11.617401179589194,1878.2571545729766,Rural,Asia/Manila,2024-03-14T03:07:08
East Jasonville,-179.7544866635233,-20.8384984527909,1422.9445505506249,Rural,America/Halifax,2024-05-20T16:19:50
South Jean,162.6050743494992,-23.256337130018963,4178.63925234458,Suburban,Africa/Bamako,2024-05-24T08:50:36
Gregoryside,-57.71636661301464,-19.701089683707806,2832.0689889631985,Suburban,Asia/Kuala_Lumpur,2024-02-26T08:40:37
Adamton,-26.35846942774336,62.45868183662415,862.5595498788314,Rural,Africa/Kampala,2024-07-22T10:09:27
Lake Justinborough,-6.5894558766282785,66.74366201694627,3326.516854523953,Urban,Europe/Luxembourg,2024-03-11T18:38:46
South Davidstad,88.66885463334489,41.655192535371725,2250.1453172190572,Urban,Africa/Bamako,2024-11-19T02:22:48
Wallberg,-48.07679991561511,-52.13975361347619,3015.6710266301275,Rural,Africa/Lome,2024-11-13T12:45:02
East Timothyshire,-13.784080207205278,40.49801155413135,2548.136342502084,Rural,Europe/Copenhagen,2024-02-09T05:58:53
Oconnorchester,135.35953511237835,12.537443324327867,4451.326563857454,Urban,Asia/Rangoon,2024-08-03T07:02:51
Markshaven,89.13461534440057,23.532047195700372,4169.90003107093,Rural,Europe/Riga,2024-10-22T05:21:04
East Aaronmouth,-6.790568098493395,22.782554646033873,3526.795294807644,Urban,Asia/Bishkek,2024-09-10T07:07:14
Nancystad,-121.6772746973893,56.06820575214965,3518.2127329567916,Rural,Europe/Brussels,2024-01-05T03:39:56
South Heathertown,94.30614960005408,45.1613454912804,4120.455532213924,Rural,Europe/Amsterdam,2024-04-01T04:12:37
Trevorville,-66.17878299673262,-87.75886503904843,3159.681038690054,Rural,Africa/Freetown,2024-09-15T19:08:23
North Christopherbury,-129.322933059955,38.70732705329428,2304.5128831263405,Rural,Africa/Lome,2024-10-01T16:24:55
Kellyport,-129.41180090616717,61.09780866644513,4349.426578177309,Suburban,America/Antigua,2024-08-23T07:00:04
Nguyenport,28.26422140896031,-47.02229134993322,1779.0825762017394,Urban,Pacific/Efate,2024-02-16T12:13:05
East Christopher,-122.88031334847,-64.69498215283129,1883.3970204214622,Urban,America/Nassau,2024-05-11T16:24:49
South Linda,164.93012472153367,38.77205291641528,2320.4544135178517,Urban,Africa/Addis_Ababa,2024-02-13T12:26:11
Lake Jonathanmouth,-45.93743334239551,-77.59157969641555,1941.4159418368577,Suburban,America/Santiago,2024-03-13T10:38:24
Brittanyfurt,-176.30656978056308,-31.18370064518006,1432.223279056503,Urban,Indian/Maldives,2024-04-16T08:46:48
Gloriaton,85.20365475216767,12.125285756690431,4401.03690515058,Urban,Africa/Conakry,2024-10-12T18:49:32
Port Haileyville,-138.28523092288216,17.40822188001026,2583.683176176367,Rural,Africa/Lome,2024-01-18T18:26:35
Nathanielmouth,20.17502758616223,-73.42394387161187,2939.8039095527583,Rural,Africa/Algiers,2024-05-26T19:44:24
West Matthew,138.41167302144663,22.332164110359756,2447.2109422963213,Urban,Indian/Comoro,2024-01-01T09:25:03
Mariamouth,142.5478097818155,-32.77330792633502,2056.707163452446,Rural,Europe/Skopje,2024-03-09T21:23:39
New Kimberly,-4.999735624230908,-4.2401490791098695,144.61189556657928,Urban,Asia/Almaty,2024-03-25T11:21:18
East Michelleview,-8.935219304271072,-3.3298230180225943,3004.2733982416503,Suburban,Europe/Amsterdam,2024-04-11T13:21:51
South Kenneth,-12.52062004125662,-13.10060721339066,2702.2062662564745,Urban,Asia/Tokyo,2024-09-11T08:49:13
Thompsonport,-123.1917971898631,78.95761240315485,2342.3417380552196,Suburban,Asia/Shanghai,2024-08-28T03:59:50
North Kathrynshire,160.06671547755207,-37.66500697044023,2468.980985821031,Urban,Asia/Bangkok,2024-03-21T22:47:46
Karastad,165.61976071382327,-24.035497490354132,2743.175054478183,Urban,America/Guyana,2024-02-10T15:28:51
West Megan,19.274389182713094,66.93305760381801,3741.497787364112,Urban,Europe/Chisinau,2024-02-22T05:23:27
Port Jennifer,153.12831959006473,-62.84876793542945,2015.1803400900549,Suburban,Africa/Brazzaville,2024-11-12T08:14:52
Glennside,-37.88448256456388,68.35737611232537,382.51459542077595,Urban,Africa/Lusaka,2024-09-14T08:35:55
South Loriborough,90.15251106267692,75.4002339018204,1168.0826665643174,Rural,Indian/Comoro,2024-03-27T01:11:38
Beltranberg,107.19677699031143,87.53499652383297,3240.793992329804,Rural,Asia/Brunei,2024-07-13T19:01:37
West Joshua,2.942497442210424,-72.64252013756254,3804.712741620392,Suburban,America/Panama,2024-07-21T03:15:33
New Courtney,51.91689729519416,42.2395693543709,2349.9353481680705,Rural,Asia/Dili,2024-01-14T18:03:27
Tracystad,108.88318569844171,7.20831045141253,2472.9780051309085,Suburban,Africa/Bissau,2024-08-07T02:54:49
Freemanside,14.60462823287287,25.43194400658811,3495.275650974308,Rural,Asia/Baghdad,2024-06-28T11:30:35
East Bryan,69.47048026650151,8.579355841676318,1649.8279019833462,Suburban,Africa/Lome,2024-09-11T20:19:21
East John,46.65464296631623,67.89734428040248,3069.703079581525,Suburban,America/Guatemala,2024-02-23T12:22:52
West Kellyside,102.76311446756222,-82.85277135492882,1053.2437145615193,Suburban,America/Panama,2024-02-03T04:18:51
North Kimberlyhaven,-173.0958047069062,47.00517285742916,827.1781535351503,Suburban,Africa/Ceuta,2024-06-24T04:07:06
Lake Christopher,42.51975040935707,-5.622832204909784,4631.375715561506,Rural,Europe/Brussels,2024-06-23T11:06:45
West Anthonyville,-66.93879960924386,10.19930534382921,4762.577492875678,Urban,Europe/Brussels,2024-08-16T21:12:51
South Kelseymouth,-148.47089616894644,61.487291483670504,4595.126383275497,Suburban,Europe/Amsterdam,2024-02-22T01:10:32
Alexisfurt,142.23339688177293,80.63939155649899,401.4755493803529,Rural,Asia/Qatar,2024-01-09T04:12:31
Moniqueshire,-58.1049786152135,25.976531910669436,1315.9407935970758,Urban,Africa/Blantyre,2024-10-03T18:35:45
Port Amanda,-39.140558909442944,51.23906759422644,2387.4361443711946,Rural,Pacific/Auckland,2024-09-03T10:13:28
New Brandon,-92.39775231135565,69.46115537545887,1900.3063074799654,Urban,Africa/Freetown,2024-10-11T12:26:17
Williamsbury,-100.63712603768587,9.961766126693917,1045.6228384992432,Urban,Asia/Kabul,2024-09-20T23:30:59
Jeffhaven,178.35284422309303,-13.11628179503218,3768.936834198828,Urban,Africa/Gaborone,2024-01-30T05:08:18
Port Bradley,-178.8295345359898,-17.118483164280164,1329.7266118691164,Rural,Africa/Tunis,2024-08-13T14:44:03
Joneshaven,48.670064904328086,-46.654519588439875,2258.997249444083,Rural,Atlantic/Madeira,2024-10-24T18:49:43
New Meredithchester,-45.454389705454076,-14.58735839573751,182.99233415895455,Urban,Africa/Bangui,2024-02-27T01:23:45
North Erichaven,23.30399187977477,60.00254978492157,2467.061534171448,Suburban,Pacific/Ponape,2024-01-08T16:27:14
Port Jonathan,117.03345166641282,31.161336800375977,4262.471770192459,Rural,Africa/Bamako,2024-10-10T03:16:28
Bensontown,-89.59799847566028,4.563145121419296,4970.231046976498,Urban,Africa/Bamako,2024-09-27T13:35:52
Alexandermouth,131.41789533456887,63.333933143272816,2733.1062845230977,Urban,Europe/Riga,2024-08-15T13:44:44
Calebmouth,-15.219067225608711,81.89684542133458,4888.1214626256,Suburban,America/Grenada,2024-01-06T17:16:46
Lake Amanda,44.70441160074279,-67.25660253230673,868.070667640365,Suburban,Europe/Rome,2024-08-21T21:19:57
New Jennifertown,-36.05586406108441,64.21952418913054,4924.70364526111,Suburban,Africa/Asmera,2024-04-12T11:46:51
Davidland,-52.52214176024694,39.30778771571616,1053.2502271936855,Suburban,America/Asuncion,2024-11-17T17:09:59
Christopherside,-28.64221287517657,-72.51834755798285,137.14896232513985,Rural,Africa/Maseru,2024-05-06T22:25:21
West Anthony,82.32645114784259,19.53295774393854,2834.5712634207616,Urban,Africa/Kampala,2024-03-28T00:28:43
Port Tracey,-15.218607914271871,52.65715248549577,2675.774337241759,Rural,Africa/Bujumbura,2024-01-07T05:10:30
Rodneyton,-55.29739852588928,28.159183560616768,2343.510610486892,Suburban,Africa/Maseru,2024-01-11T05:15:32
Ashleyside,-45.93041957562295,-39.141370454907296,3871.126714909991,Suburban,Asia/Kashgar,2024-04-27T10:32:38
East Fernandofort,-91.41534032034478,10.835129635319902,2203.336500945099,Urban,Asia/Beirut,2024-04-16T18:32:54
South Amber,120.34481907225091,-85.03366490499188,2863.9593322350784,Rural,Asia/Qatar,2024-08-02T11:35:41
Maryburgh,-115.81068393886049,-63.40460613019498,2532.3344561154977,Suburban,Asia/Beirut,2024-04-12T17:20:17
East Jasonmouth,-71.1728493418939,-75.52977100541274,906.4810687450475,Rural,Africa/Porto-Novo,2024-04-30T16:13:25
Jaimestad,-76.95577600676413,-78.40725722735135,649.9430885174639,Urban,Asia/Beirut,2024-07-22T07:11:05
Johnport,-58.259642849334895,2.1183412108628943,1429.3977700898859,Rural,Africa/Douala,2024-06-12T19:10:50
South Natalie,153.41618393144324,-60.26829682527324,4836.246257657796,Urban,America/Chihuahua,2024-05-10T14:27:57
South Kelseyborough,70.29287676995602,-23.29608346081895,1412.1597682456315,Rural,Indian/Mauritius,2024-06-26T14:15:31
Nortonton,-129.1849936999477,63.996376460106916,4286.393071932122,Urban,Asia/Amman,2024-05-01T15:17:59
Andrewfurt,170.31505093853218,-13.276046936070927,1278.4696850333494,Rural,Europe/Podgorica,2024-11-08T12:40:16
Brownstad,-157.9558346662424,-63.69770200051197,251.823468942029,Urban,Asia/Nicosia,2024-08-13T12:18:36
Danielland,18.948136766927604,-6.54689906140112,212.0477413120614,Suburban,Europe/Andorra,2024-01-20T22:24:39
New Troyshire,-87.71007100583876,-36.43031035007505,1737.5582206979034,Rural,Europe/Sofia,2024-01-30T22:36:10
South Vickistad,-115.5282020943107,48.459579745611734,4769.542714805989,Rural,Africa/Accra,2024-03-10T13:02:51
Breannaton,-50.83542388154177,-42.794387158188925,2048.5210625616605,Urban,Asia/Ulaanbaatar,2024-03-23T18:27:02
Gutierrezton,-106.05063996620765,76.74480788539003,2791.254088721056,Rural,Africa/Tripoli,2024-06-01T23:42:10
Michaelville,37.763376057312286,84.35305882475333,4021.8888535400297,Rural,Asia/Ashgabat,2024-04-02T14:40:02
North Nicole,38.86757106922974,73.16324242368546,3667.393520610918,Urban,Asia/Kuwait,2024-07-16T09:12:00
West Kathryn,-61.6330965948722,49.02504109792204,233.8802888455599,Suburban,Pacific/Kosrae,2024-02-19T04:40:10
West Stephanie,129.92182232442133,-2.3837214446475627,2624.6858623005232,Urban,America/Montreal,2024-09-13T07:51:19
South Stephanie,-129.94267845114118,76.6812109371838,1966.4336669632094,Urban,America/Montevideo,2024-08-31T07:41:48
South Philip,-53.37548266891075,-22.058857930630722,2106.5855764832745,Suburban,Asia/Almaty,2024-09-04T21:52:13
Lake James,-44.14727533351592,-7.103071265593613,4579.344178380445,Rural,Africa/Asmera,2024-04-05T17:01:18
West Carloston,-10.02039494273538,-54.99528257975892,1529.073711615309,Suburban,Pacific/Kwajalein,2024-11-12T11:02:36
East Kathryn,-78.73126010185449,83.84009368218969,4260.421982797039,Urban,America/Costa_Rica,2024-03-30T03:33:57
Dunnland,-178.3465363290626,-7.8677910054287,3381.6693709242863,Suburban,Africa/Addis_Ababa,2024-10-06T00:36:55
New Luisborough,40.61648366559615,21.968691442296787,4487.1732893170565,Suburban,Europe/Vatican,2024-08-29T09:59:45
New Alexistown,-54.6381512954279,-60.03478890307416,4865.538575640066,Suburban,Asia/Bishkek,2024-07-17T23:09:55
Trujilloberg,165.1292163368978,35.0236908484235,2126.2973977955517,Suburban,Asia/Taipei,2024-02-03T13:08:30
Carrollbury,25.082492277821927,-49.778004392631324,3720.5654013765825,Suburban,Africa/Kigali,2024-01-18T01:25:54
Port Sandraville,124.01979878095494,13.07675538135939,2312.3847883461617,Rural,Europe/Skopje,2024-02-06T01:00:26
Port Jamie,38.564440477430935,22.62096296117828,3964.2869076721813,Urban,Africa/Bujumbura,2024-05-18T09:47:12
Kathyberg,-21.584535817845136,22.26294530044136,3333.7741603590443,Rural,Australia/Lord_Howe,2024-07-01T00:02:35
Robertville,-139.0456624652415,-40.04768333051374,4909.283396507693,Rural,Europe/Oslo,2024-03-14T08:25:55
Saunderston,-18.28382907067879,-43.42228651308024,101.95140821888383,Rural,Africa/Harare,2024-07-27T23:54:50
Lake Juliaborough,52.0712296471101,-20.034748252247468,4944.3580992323095,Urban,America/Montevideo,2024-09-22T13:21:42
Laurafurt,-87.28939629399764,47.44994107172977,4209.91446438707,Rural,Europe/Malta,2024-04-12T23:06:03
Harringtonhaven,-168.7502322091934,18.50526442268601,3353.814932253249,Urban,Europe/Amsterdam,2024-07-16T00:32:25
Kellyfort,13.420831622701655,-37.58939259685941,4028.98771787836,Rural,Africa/Dakar,2024-10-01T19:54:59
Port William,-47.433408712149344,-24.21160806045762,1419.1595957026725,Urban,America/Port_of_Spain,2024-06-13T13:59:42
Michaelmouth,-132.56047147396268,43.901354782183034,3261.772253451202,Rural,Asia/Kashgar,2024-02-07T01:30:05
Port Rachael,57.15716320234881,60.364198537490296,2290.7674883294094,Suburban,Europe/Paris,2024-04-04T03:08:01
Port Collin,-136.41818122976653,61.8533332685565,3016.8732179855097,Suburban,Europe/Belgrade,2024-06-16T10:15:32
New Toddmouth,29.845709207563914,-34.98756579481093,2493.0700720447667,Urban,America/Santo_Domingo,2024-07-13T21:41:31
South Josephmouth,144.3632958653057,-55.456158538041805,1885.6834226573399,Suburban,America/Antigua,2024-10-04T13:46:36
Thompsonland,-116.97042570049864,-39.96234350607845,3547.0377665737874,Rural,Asia/Brunei,2024-04-04T14:42:26
East Teresa,-83.61749471205351,63.186483479009695,1154.398872222036,Urban,Europe/Skopje,2024-04-29T10:11:30
Brianland,117.92188592585029,54.34259573288256,3239.06094057089,Rural,Asia/Phnom_Penh,2024-07-01T21:12:42
Ericksonville,-131.942569642358,27.35637119367449,295.59199112724923,Rural,Asia/Taipei,2024-08-22T04:03:06
Shawnburgh,8.421852826289438,65.33558131499623,2790.9040564478682,Urban,Europe/Bratislava,2024-09-08T06:01:04
New Kelly,43.761411794784465,-7.221346876357387,4190.663278132432,Suburban,America/St_Vincent,2024-02-10T21:16:47
South Leon,175.69148390226974,89.73510072681796,3929.843684257989,Urban,Asia/Qatar,2024-09-17T11:32:04
Josephville,-81.4692639997447,-60.10122328548917,4561.316414660541,Urban,Pacific/Fiji,2024-08-31T01:09:12
Katherineborough,44.84678047629066,84.29833542082582,4343.588929162281,Urban,Africa/Algiers,2024-04-26T15:12:06
Sampsonfort,-87.29477900558945,-7.519260159654095,1292.1527729526438,Rural,Africa/Lagos,2024-02-12T00:10:10
Benjamintown,-37.089341216386345,81.20427941428227,2313.379842299443,Suburban,Africa/Addis_Ababa,2024-07-12T00:30:13
Lake Nichole,89.73207597806743,43.87861603278182,1048.075873776133,Rural,Asia/Kuching,2024-04-26T05:16:49
Lake Jennifer,93.76080122284435,-65.93007910296265,1808.8770313624282,Urban,Europe/Luxembourg,2024-06-01T23:02:00
Lake Joannmouth,51.418862281604106,4.891156730985784,1410.5447263428782,Suburban,Africa/Niamey,2024-10-24T16:37:30
East Charleston,-27.35240071098525,66.1555585416842,3412.255540173561,Rural,Pacific/Tongatapu,2024-01-20T22:52:24
Lake Stephenshire,44.58411909270464,-45.948535712984146,1177.1828858917172,Suburban,America/Guyana,2024-04-18T17:28:29
West Melissa,-40.62993261502638,-86.54510445494319,365.64031019288234,Rural,Europe/Tirane,2024-07-06T12:38:42
East Laura,64.34737504508539,-65.0634025257557,1386.6309350799017,Suburban,Africa/Mogadishu,2024-11-23T16:10:45
Marthaberg,44.30656411072701,-11.010874221346043,1815.4860056333043,Urban,Europe/Copenhagen,2024-11-08T10:57:13
Jenniferville,70.28730648220548,88.74749696009553,2145.107018397022,Suburban,Asia/Shanghai,2024-07-05T09:09:04
Deanview,119.33996273796924,42.79711900116655,4849.861669522089,Rural,Europe/Chisinau,2024-10-22T03:43:13
North Kaitlynland,75.52635951918927,-61.06585853569786,3215.3059061275026,Suburban,Europe/Andorra,2024-02-03T04:11:09
Danielstown,17.118439628833244,42.56241791189845,4080.9657502980936,Rural,Asia/Kashgar,2024-06-26T19:52:47
Mackburgh,20.102482242689263,21.77853792290992,2786.8770761313854,Rural,Europe/Sarajevo,2024-10-14T08:11:09
East Nicoleview,-130.45468875500552,22.380624844140755,4996.405678356926,Suburban,Europe/Belgrade,2024-11-14T01:45:15
Murphyborough,47.135708225775346,49.14280525932125,2068.7713279817226,Urban,Europe/Prague,2024-02-12T01:07:53
North Joseph,91.3132687224525,-69.78370859924712,3240.5584702765727,Suburban,Europe/Dublin,2024-06-11T17:12:34
East Elizabeth,134.49280329565397,-32.05246797720841,2518.035673336104,Rural,Europe/Chisinau,2024-01-11T02:17:16
South Todd,-70.14501463338136,-32.604336645333014,1056.1819236612419,Suburban,Europe/Tirane,2024-10-17T11:39:03
East Amandabury,-74.06822020802927,64.7322794614023,712.8860593156711,Urban,Europe/London,2024-03-03T22:16:50
Singletonborough,149.04259036576917,-60.23865095627711,3185.0815211799727,Urban,Asia/Ashgabat,2024-01-20T22:22:03
Weaverville,-28.669235118833484,73.7123307759017,3392.1723158178524,Urban,Asia/Muscat,2024-07-05T14:58:18
Yorkhaven,-163.1077977021609,-56.6894380353609,1373.3784561561436,Suburban,Africa/Casablanca,2024-04-10T10:14:33
North Johnborough,-65.38378567204478,-39.47138284342533,3894.0129110522753,Rural,Indian/Comoro,2024-11-21T11:49:40
Lake Thomasborough,2.914733436121196,45.137182864219,2694.543397186044,Suburban,Pacific/Efate,2024-07-02T23:01:07
Andrewside,-130.5031662880986,2.5615160886038666,1987.367263613279,Rural,Pacific/Palau,2024-08-05T20:27:04
New Mariamouth,95.02499036803738,-56.9433658314466,2506.20942945952,Suburban,Africa/Mogadishu,2024-11-19T22:46:10
New Stephenview,67.05845786211273,-63.87017214256624,2760.8537370583326,Urban,Pacific/Ponape,2024-05-27T09:33:14
Jacksonton,179.463930695425,24.092193374506664,2161.4313040831735,Urban,Africa/Libreville,2024-06-19T03:08:13
Owenland,122.15854021310315,-13.988443445016713,4553.07595016933,Rural,Africa/Abidjan,2024-08-25T18:14:42
Port Guy,86.80299998949403,-32.39341662586247,2654.0223884747065,Urban,America/Jamaica,2024-07-27T13:49:10
Deborahland,-171.92411784897706,37.70419372460158,303.4584390924572,Rural,Africa/Blantyre,2024-09-19T17:13:53
West Lisa,-171.00852633076045,73.3084849293439,3602.17479046743,Urban,Europe/Vilnius,2024-03-12T23:10:01
East Terrance,-161.52253546410708,-28.775615929122345,796.1696522717759,Suburban,Africa/Maseru,2024-02-22T08:21:24
South Alexandraborough,-39.33701083236912,31.95573654573478,1087.4045401452577,Urban,Europe/Dublin,2024-10-01T17:17:32
Port Michealborough,103.17313336467998,76.72824391555159,2150.5884547199116,Urban,Africa/Blantyre,2024-10-04T08:46:35
Lake Brenda,111.823301890864,-4.131579209524844,1787.8233728384084,Rural,Asia/Vientiane,2024-01-11T18:39:32
East Karen,73.16393093605532,14.726675171926004,763.2789611376778,Suburban,Atlantic/Reykjavik,2024-09-06T07:46:20
East Tammyburgh,-103.75725742552945,-46.90324311598064,4472.092265395062,Rural,Africa/Khartoum,2024-04-26T14:14:49
Adammouth,-4.482207903285769,-34.984860734599664,937.2121645733755,Suburban,Indian/Antananarivo,2024-08-19T21:26:13
South Katherine,34.84410623785709,-62.32569016736953,3844.6710303474197,Suburban,Asia/Katmandu,2024-10-22T19:14:38
Cainhaven,146.94716228342782,-40.85685953864969,3428.3505820507958,Urban,America/Argentina/Buenos_Aires,2024-02-05T11:56:34
Josephtown,-170.87831407917255,-43.47578044775127,4051.778534075469,Urban,Europe/Riga,2024-07-09T16:24:02
New Josephton,-135.59347027833525,30.634473922463002,3732.9143357303446,Suburban,Africa/Johannesburg,2024-08-13T00:57:24
Jennifertown,34.16974563141696,-30.062199022156193,4195.666399425892,Urban,America/Port_of_Spain,2024-11-17T19:20:00
Charlesbury,-90.26303099759993,-48.923406579131886,4179.884977720275,Rural,Asia/Phnom_Penh,2024-06-08T11:52:09
Nicholasbury,157.3664936208536,-11.421183604151267,619.698324585019,Urban,Asia/Bahrain,2024-05-01T12:35:20
Alexanderburgh,-59.15358326770097,-83.40247478504054,3733.343510313748,Urban,Europe/Paris,2024-10-10T08:46:44
Anthonyfort,-30.464794529704875,-49.8945574737417,2681.559531657751,Suburban,Africa/Lagos,2024-01-14T15:36:28
Janiceport,71.04582821476149,-44.56390423468314,2672.621304393113,Suburban,America/El_Salvador,2024-05-27T02:17:26
West Lindafurt,-7.262036991474986,-34.841498320839406,2353.690664416107,Urban,Europe/Vienna,2024-10-18T07:37:43
South Charlesville,102.01517507095002,-85.88088923986113,3829.7614560353536,Rural,Asia/Kabul,2024-10-18T01:44:23
Scotttown,136.58979761407517,4.448865857329864,3325.024998355707,Suburban,America/Nassau,2024-07-10T23:36:44
South Johnborough,-168.33691901700115,-5.761189334131998,4599.205302083756,Suburban,Europe/Bucharest,2024-05-07T12:46:50
Port Allisonshire,-123.72838700474519,35.57516147131753,1171.2539235304403,Rural,Europe/Lisbon,2024-10-07T18:12:21
Johnbury,-178.8027389553129,43.4735050459486,3663.3189542194705,Suburban,Asia/Nicosia,2024-04-28T13:39:54
Port Joshua,-112.21130021802351,-20.23856220080286,2742.80391406021,Urban,Africa/Malabo,2024-06-24T08:41:23
Stephaniehaven,-177.85222676279545,19.365147212165397,1837.4487354004755,Suburban,Australia/Perth,2024-10-05T01:11:46
Lake Iantown,-146.12097488415208,-34.55482074293784,4356.870259781614,Urban,Africa/Abidjan,2024-05-28T06:51:45
West Amy,-5.990442658792006,66.39276399043789,285.646528051785,Suburban,Europe/Rome,2024-03-20T21:42:47
West Heather,-31.043526419567996,49.08235817790347,1258.3777133731944,Rural,Africa/Asmera,2024-03-07T18:09:41
Anthonyshire,-140.39337589875083,43.91878322350121,1508.4097069993152,Urban,Africa/Windhoek,2024-09-18T10:11:59
East Juanburgh,129.97387090611778,28.725175626381954,3672.646605956266,Rural,Africa/Algiers,2024-06-18T16:23:15
Amandabury,112.50452946123335,-9.766889949176289,1667.070293813332,Rural,America/Argentina/Buenos_Aires,2024-01-29T23:25:34
Hollyton,-171.17793338914709,-25.278850342542356,153.8048938879788,Rural,Europe/Vilnius,2024-09-23T02:04:33
Judyberg,-27.93460649411375,-15.539578507900984,4044.616155331666,Rural,America/Caracas,2024-10-10T02:31:05
Port Omar,-31.490912090676176,-21.330576151269184,2579.6737952788794,Urban,Africa/Addis_Ababa,2024-11-08T08:37:23
New Katiemouth,159.882077750208,-3.5903462971091216,4629.981471427982,Rural,America/Argentina/Cordoba,2024-04-27T17:44:46
East Jo,-171.94891685105165,-61.931894360970745,3443.527535242856,Urban,Africa/Cairo,2024-07-13T00:15:31
Andrewville,-119.40102530654886,-38.27507713519698,142.9849510357911,Urban,Africa/Sao_Tome,2024-10-28T19:09:10
Rebeccaland,104.34512201914339,17.661996828824783,4337.333790994126,Suburban,Africa/Porto-Novo,2024-07-20T10:05:09
South James,61.0581234925117,25.636067517427207,1230.9106481498184,Suburban,Europe/Andorra,2024-01-21T20:20:56
Rachelbury,-42.68391332518584,-55.716707080697795,2816.0814965710624,Urban,Pacific/Fiji,2024-10-24T05:43:10
Lovebury,-73.48199682393181,-36.79589343553626,4236.818782765418,Urban,Asia/Jerusalem,2024-05-18T16:40:47
Westton,71.8511762817576,79.93555390986867,4585.020750871575,Rural,Asia/Singapore,2024-04-28T18:10:00
Lake Sierraville,-137.81796617398487,-28.95654589497937,4505.4314557706575,Rural,Asia/Ashgabat,2024-03-07T21:17:57
Port Shannon,56.93895797159192,18.815906977053075,4140.0248067336415,Suburban,Asia/Karachi,2024-07-14T15:36:00
Lake Christophershire,117.81948583241353,35.988162125298174,863.4698398315377,Rural,Europe/Zagreb,2024-07-18T05:37:43
North Brandonhaven,111.39843451786919,-52.643360501833754,2465.123635640561,Rural,Europe/Zurich,2024-11-11T11:47:29
Mcdowellside,-45.92651980382584,36.35494668854969,3370.236781340058,Urban,Asia/Jakarta,2024-04-13T03:56:07
West Loriview,-45.1452853082358,52.77781184260334,4398.381288766221,Rural,Africa/Lagos,2024-06-05T19:16:40
Katelynville,-42.10777342334373,-80.46008442287406,2741.4172955093914,Suburban,Africa/Abidjan,2024-07-18T21:52:39
New Charlesport,-100.8488469351031,-70.8590836434395,4668.193408628915,Suburban,America/Guatemala,2024-05-23T07:58:20
Bartonstad,-134.49676538728994,89.16291331175506,4627.72048007808,Rural,America/Havana,2024-03-26T00:33:18
Robertmouth,-11.68836218063447,75.62024081302863,3712.687519604972,Suburban,Asia/Karachi,2024-10-12T08:12:24
Christensenfurt,154.06504014818756,-35.912509689692605,4132.07712035745,Suburban,Europe/Minsk,2024-08-26T22:03:27
Russoshire,-177.61029647115947,-4.367212969026809,1001.0326368942046,Rural,Asia/Jakarta,2024-08-31T18:10:43
Bradleyhaven,77.88641917096749,34.472487040979814,4207.874223090993,Rural,Indian/Comoro,2024-11-06T09:10:15
Haroldton,-104.80289997541573,71.58262206921765,4876.734401637761,Rural,Asia/Tokyo,2024-01-07T22:52:35
Anthonyland,60.667965472959935,-51.345342873960405,2455.6142168844976,Suburban,Africa/Ouagadougou,2024-01-18T07:00:12
Taylorfort,80.41938767492394,-89.12610924169255,4713.225368717145,Urban,America/St_Vincent,2024-04-26T22:28:04
Beltranbury,93.03105236480059,-70.02260230098162,4638.288988938749,Urban,America/St_Vincent,2024-11-21T17:11:38
Shieldsborough,-174.57413283783467,-21.612080220105057,2967.6426953380123,Urban,Africa/Algiers,2024-10-20T06:30:30
Johnsonland,177.2075419478852,-36.20307479866011,3395.47623437293,Rural,America/St_Kitts,2024-05-25T16:36:48
Port Joseph,-93.1677620616607,67.87835957014846,4373.921355778658,Urban,Africa/Brazzaville,2024-02-15T04:00:58
Josephstad,-178.6211111256189,17.655548993487727,1872.7822686398154,Suburban,Pacific/Apia,2024-08-05T01:57:24
Heatherstad,108.29473854213273,-43.9108848907604,2380.8575821403115,Urban,Pacific/Easter,2024-07-14T00:37:36
Lake Brittanyshire,3.690183089662554,81.65827124166111,2365.7985100032092,Rural,Europe/Paris,2024-06-29T03:22:50
Christopherchester,58.04082687842194,-74.00199216528621,353.7224416156787,Rural,America/Asuncion,2024-07-21T09:56:06
Jameston,44.06850896721181,87.25324792530628,4536.3934796254025,Urban,Europe/Luxembourg,2024-05-25T13:40:25
South Michaelshire,-87.68945828254996,70.32801924979125,2489.05215678355,Urban,Europe/Bratislava,2024-02-01T20:31:31
Bowmanbury,136.91325957899898,-56.93528264120323,4822.931445056552,Rural,Europe/Helsinki,2024-09-01T00:33:38
North Ryantown,43.69315612749162,67.51634926694217,2972.136012476938,Urban,Europe/Copenhagen,2024-08-28T05:20:22
Jesseview,148.93472163722203,8.078075699812686,1614.0301029023346,Rural,Europe/Chisinau,2024-08-28T14:53:57
Antonioside,-104.28105030659185,62.842088644435705,3329.9248907507035,Rural,Europe/Prague,2024-04-17T23:27:42
East Jessicatown,132.63249304718755,-63.42866634978134,3862.68847389335,Urban,Indian/Maldives,2024-10-24T10:14:19
Nicolechester,52.761902887982814,48.447674566320984,96.25712517472462,Urban,Europe/Paris,2024-11-13T19:11:13
Martinchester,82.53744553684885,-32.17668344728403,3625.854821075869,Rural,Europe/Chisinau,2024-09-17T19:32:55
South Frankhaven,-118.6528180794809,66.64904710157808,526.8290630715977,Suburban,Asia/Colombo,2024-07-20T21:50:30
Port Judith,70.99619235400044,48.424010758952846,4502.5283938561815,Suburban,America/Guatemala,2024-01-21T01:20:10
Moralesview,-1.604231486282572,88.8160236123509,733.203050824796,Rural,Europe/Minsk,2024-08-29T16:51:18
Mosesmouth,83.11614530384287,62.458110275338356,543.4999497910864,Urban,Africa/Dakar,2024-03-12T05:36:20
Taylorville,-33.245610327660074,-52.60244149766327,1581.2886970472566,Rural,Europe/Berlin,2024-02-03T07:58:05
New David,52.96529584650156,-25.629120447866313,226.99595736204836,Rural,America/St_Lucia,2024-07-07T01:45:37
East Matthewbury,19.0918797352617,64.4469306183122,4265.364248041898,Urban,America/Jamaica,2024-08-17T20:15:09
Port Phillip,176.29069133572239,-41.65416999449125,2555.7341586535813,Suburban,Europe/Amsterdam,2024-04-24T07:09:15
West Joseph,139.48561523929493,-1.0114824616248939,4168.492468292294,Urban,Asia/Phnom_Penh,2024-04-09T01:21:56
Raymondshire,-70.13817214684592,-69.6913673462129,4260.36426640323,Urban,America/St_Vincent,2024-01-25T23:23:36
Lake Kristatown,97.36689541149781,-12.219917858296526,4635.701462325526,Rural,Asia/Beirut,2024-10-14T13:52:37
Lake Denise,-41.76497822633567,-45.4359582666092,312.26244378648016,Rural,Asia/Yerevan,2024-09-20T12:20:31
New Christinafort,101.43265399496744,38.8455271991088,2964.8197187923142,Urban,Europe/Tirane,2024-11-20T19:25:00
East Jamieton,-40.35344124486471,76.06776163060056,4019.4488538980804,Suburban,America/Guyana,2024-08-27T07:39:39
South Juan,29.647118402676398,-67.06155954882915,2523.3273077485933,Suburban,Europe/Vilnius,2024-08-03T12:00:09
Lake Zoestad,-151.5679963039599,-62.21669313638085,2360.661662572721,Urban,America/El_Salvador,2024-04-30T19:47:15
Sherichester,-60.98678554046589,9.131446032978204,3835.0404562529866,Rural,America/St_Vincent,2024-01-29T15:31:02
Kingshire,97.99357165265502,-69.62631586479073,3537.931827347612,Suburban,Pacific/Easter,2024-04-11T11:00:06
Timothyside,-24.228662142666593,-72.56462281005508,3729.308503474014,Urban,Africa/Casablanca,2024-01-07T19:44:25
Wallschester,-89.1769206850494,-4.992232163141125,1187.9687148207074,Rural,Asia/Baku,2024-09-22T08:31:43
Joshuaport,68.33964068497849,29.314351377207387,3073.6492897892686,Urban,Asia/Manila,2024-04-05T02:40:34
Lake Michelleville,-121.2341297767725,19.27739263901678,1541.3351383164027,Urban,Indian/Mahe,2024-08-03T21:20:47
North Jon,62.77110641164606,-3.2572300546752615,1383.8069746917597,Suburban,Africa/Algiers,2024-07-10T13:59:30
Port Tylertown,61.26875723800836,73.1227318198402,3243.930876657013,Suburban,Europe/Paris,2024-04-16T01:36:35
Nealtown,-31.45707249323746,55.665184355532176,3529.6374128004727,Suburban,Europe/Amsterdam,2024-01-12T05:26:07
Jefferyport,-96.02223312278208,27.99305860180796,621.5967413474472,Urban,Europe/Andorra,2024-03-29T20:56:02
New Walter,101.9203409185227,33.75593736344047,2440.7377655871637,Suburban,Asia/Singapore,2024-10-18T13:05:35
Port Jeffreyshire,46.44254221782694,-18.342619917568342,2684.004797006931,Rural,Asia/Baghdad,2024-04-30T02:57:17
Richardmouth,59.66356348298953,49.79487769566569,1573.2289113131026,Suburban,America/St_Kitts,2024-02-15T14:53:31
Westfort,-128.30430875274163,-83.97252573738263,4906.726417060499,Rural,Pacific/Efate,2024-05-13T03:26:18
Port Johnton,-132.01752948920654,79.0067864573667,1618.6910888618067,Rural,Africa/Bissau,2024-07-18T17:19:49
West Samuel,-4.604581020638534,11.322016747723978,2999.3396510873017,Rural,Australia/Lindeman,2024-06-21T23:26:28
South Katelynside,-86.79983666215813,-26.46738318048245,587.6576785614551,Rural,Africa/Windhoek,2024-02-03T01:21:47
East Travisport,-80.22217683191133,-33.10287762129073,2981.316254147452,Rural,Africa/Bujumbura,2024-03-09T22:52:43
Lake Joshuatown,-123.97200436489358,79.55732006083238,2697.4222312671777,Suburban,Asia/Thimphu,2024-01-04T05:43:54
Gordonberg,2.2624668897469746,7.029969178610884,3586.382831832537,Rural,Europe/Prague,2024-08-28T05:47:53
Grantfurt,-127.15787330734011,56.843845912044685,3703.661355362266,Suburban,Europe/Luxembourg,2024-06-13T18:58:21
Aguilarburgh,-65.22481124029441,-2.233765194934449,1169.422145263397,Urban,Europe/Zagreb,2024-09-10T01:09:21
Obrienshire,30.283866037578917,-32.687461408114906,3914.2639937861595,Suburban,Asia/Tokyo,2024-07-27T02:46:44
Lake Stephanie,163.54911372594927,-59.767869847518014,606.8473184088414,Urban,Africa/Lome,2024-04-07T15:38:48
New Sonialand,73.1501462472138,-37.74681146815611,2269.1349055422875,Suburban,America/Dominica,2024-03-30T20:52:23
Markmouth,-105.56701279985904,77.9061358598967,1010.6178726268411,Suburban,America/Managua,2024-06-18T04:09:29
Watersborough,138.20966294886034,-5.155337248145955,3972.596468791126,Urban,Asia/Colombo,2024-03-05T01:53:22
Melissaview,135.00736941107397,-45.230880413446734,1121.2954136464891,Suburban,Asia/Vientiane,2024-10-13T07:50:08
Port Patriciamouth,-0.08339636762926261,58.94283699230428,616.2485927023581,Suburban,Europe/Dublin,2024-06-19T04:20:04
West Pamela,111.88358535877984,-36.37808964319406,2118.653129014973,Rural,Asia/Saigon,2024-04-03T07:47:54
Reyesberg,105.0704367329102,-38.17918692112452,1259.0485667492496,Rural,Europe/Rome,2024-02-16T08:18:13
Morganfort,-133.91481311472285,-28.03230631079238,3851.6818600658094,Urban,Asia/Jakarta,2024-04-01T21:25:18
Bradleymouth,59.69907508578976,31.72604782891088,2770.220876109375,Urban,Asia/Taipei,2024-08-09T05:03:03
Ramirezside,34.3798024694963,-29.049484961082968,4066.3357423715524,Rural,Asia/Aqtau,2024-09-11T03:07:11
Barneshaven,122.73879234179662,49.78056890339258,1333.9283495164684,Urban,America/Dominica,2024-06-22T05:06:47
Port Loriside,-142.32735024896223,12.276663065022177,3654.027392493661,Urban,Asia/Baghdad,2024-04-01T00:03:07
Douglasland,-68.5539828945588,-57.22745770387131,3484.9831164822285,Urban,Africa/Douala,2024-05-20T15:12:30
Amandaberg,-68.13693564783537,36.50043247488398,1356.5987493433124,Urban,Asia/Damascus,2024-02-08T18:28:01
Daviston,-92.36040868927677,-44.772766854316316,288.46927363691157,Urban,America/St_Vincent,2024-03-12T07:42:39
Kennethfort,-80.6433126282039,55.50966179671562,2034.5615165433712,Urban,America/Costa_Rica,2024-03-28T01:00:15
Austinmouth,79.72147017153918,-12.039320654585893,3721.5238391117778,Rural,Europe/Brussels,2024-03-10T23:11:26
South Joseph,-141.71892490584767,22.862756648271173,3086.018474040891,Rural,Europe/Vilnius,2024-02-16T00:46:23
New Karen,-30.350932387431328,-18.961847142246484,3630.0126467876794,Urban,Asia/Ashgabat,2024-06-03T01:38:03
Rachelberg,7.2130647958136365,-85.54868246939995,3136.6719494253452,Urban,America/Barbados,2024-07-31T11:20:19
North Sherryport,70.74405880085214,64.87840901633243,58.868167379194645,Rural,America/Guatemala,2024-08-05T21:14:20
Port Kendraborough,62.67592924884843,-31.71884909287123,4016.366940141614,Suburban,Asia/Samarkand,2024-01-06T19:12:58
East Annestad,-62.79014254216163,-17.504596221300915,4283.636336637564,Urban,America/Lima,2024-09-08T15:44:13
Steelehaven,63.77182288076196,9.38870008138241,4816.21818175878,Rural,Africa/Niamey,2024-03-07T13:17:16
Nancyfurt,-179.4105142678432,-56.40193643786486,1441.48941904379,Urban,Asia/Almaty,2024-03-26T00:46:03
Elizabethland,-151.28586390768297,-85.77548382207848,4689.8022058820725,Urban,Asia/Katmandu,2024-05-24T23:07:46
Port Tonyamouth,168.0842685715649,23.117151714034136,3347.437794494338,Rural,Europe/San_Marino,2024-06-19T11:48:17
Herreraview,-43.72634959236481,71.38401965551867,1895.5449615201526,Rural,Pacific/Kwajalein,2024-04-16T17:57:12
Charlesside,-146.24218095478034,-88.63268801246106,508.9710143292975,Suburban,Pacific/Nauru,2024-02-29T16:18:56
Perezland,-2.500148529757155,-70.86147287325275,708.6795809802427,Urban,Asia/Ashgabat,2024-06-02T01:25:14
East Samuelland,73.96694096677706,-24.2674759811311,554.8769621194393,Urban,Europe/Bucharest,2024-04-29T12:41:56
South Katie,-57.08449870323898,-1.153249197316498,78.6537844011037,Suburban,America/St_Vincent,2024-02-09T23:58:15
Pattonchester,-85.62349475643029,12.15949178372776,4272.579425304147,Rural,Asia/Dhaka,2024-08-12T20:31:45
Audreyview,38.741945000356054,-71.18839220917638,2505.9245854136675,Rural,Europe/Copenhagen,2024-04-06T21:46:47
South Gerald,-146.68400874288687,13.355975709917402,4479.347697015579,Rural,Asia/Colombo,2024-09-10T12:50:28
New Martha,-30.943886361826145,75.87898200478065,103.60622048645408,Suburban,Africa/Bangui,2024-02-29T02:25:37
Johnstonton,78.02452968066115,1.29659054065597,3407.636561403064,Suburban,Europe/Bratislava,2024-04-30T23:30:31
Sawyerborough,159.2086048820613,-18.640289944124504,1871.0668816816706,Suburban,America/Santiago,2024-01-07T17:05:53
New Maria,-58.00698497914851,-52.42805972300484,4856.670637124565,Suburban,Pacific/Funafuti,2024-11-06T09:37:27
Scottmouth,-101.7704641622795,78.89012396489812,59.35921584755033,Urban,America/Panama,2024-04-15T03:37:48
Barkerburgh,-109.161452790891,88.68056385587522,3912.658804258831,Suburban,Europe/San_Marino,2024-09-18T03:40:46
East Antoniotown,-144.28880516371387,-32.24601280951675,137.67864169467293,Urban,America/Grenada,2024-01-14T06:37:56
Port Richardfort,-71.64115071360854,56.566431426967085,4103.997348310697,Suburban,Europe/Zagreb,2024-07-14T10:35:16
Jamesmouth,-9.090463811144701,-62.67368053221661,4610.770080242418,Suburban,Asia/Baku,2024-09-10T19:32:26
East Bill,-50.122726260693014,22.442243459730093,3418.439699446128,Rural,Africa/Maputo,2024-03-08T18:24:48
East Baileyside,-125.61309477301361,82.43420223541926,1139.48398548176,Suburban,Africa/Dakar,2024-06-25T20:28:07
Branchfurt,122.48402540897524,34.6796517533229,368.21993770487893,Rural,Asia/Baghdad,2024-08-11T20:43:29
South Derekborough,34.32955437232013,21.428002271596668,38.984986704364566,Rural,Asia/Riyadh,2024-05-12T23:43:10
West Billyside,179.81280983945038,-1.8428028278941042,311.49914821255453,Urban,Africa/Gaborone,2024-09-01T00:52:49
Shawnstad,36.21775542622666,85.5426452120472,683.7813385620511,Urban,Pacific/Kosrae,2024-02-26T13:13:56
Sherylchester,-173.45457797809274,-55.81730682484939,289.8573547703959,Urban,Indian/Maldives,2024-01-06T14:33:48
Port Robertview,-167.81116868392576,-81.04308350886761,4925.377531785338,Rural,Pacific/Apia,2024-11-09T12:20:28
Michelletown,-154.17110177238538,84.80082296546362,1974.6078321603577,Suburban,Europe/San_Marino,2024-04-30T08:20:44
Mooreport,38.06455999368791,-57.694545739339624,276.8362437958216,Suburban,Europe/Monaco,2024-10-01T13:16:17
Ryanberg,47.61251440988693,21.148223755354422,4162.2380035937385,Urban,Asia/Hebron,2024-06-10T01:16:32
West Scott,35.22266332178947,43.331169919931085,168.6784036418415,Urban,Africa/Dar_es_Salaam,2024-10-21T05:26:48
South Williamtown,155.3400570027169,-87.74864034780212,4382.833989674116,Rural,Asia/Dushanbe,2024-02-04T14:02:32
Smithstad,27.01956719843224,-46.84688667969359,33.93045019421281,Suburban,Europe/Bratislava,2024-08-16T00:35:23
Jamesberg,-153.75718783203487,48.2163757985665,4326.298521426452,Suburban,Asia/Hebron,2024-05-27T05:10:40
North Alexanderhaven,144.72284445749523,-20.290928743108793,2069.008508022684,Rural,Asia/Seoul,2024-04-26T15:40:00
East Anthonyland,138.62196180236282,-87.49711221990691,4956.417411931179,Rural,Europe/Riga,2024-03-08T04:53:04
East Robert,124.89148931150874,11.342600171698138,3041.288354782711,Suburban,Asia/Tbilisi,2024-03-17T15:56:09
Parkerville,80.49700041360268,61.514927469814694,4289.209300613066,Urban,Asia/Baghdad,2024-08-31T06:12:36
Jacobsonburgh,19.439255280159472,-27.297213540845995,4952.8917424846295,Suburban,Asia/Taipei,2024-04-09T04:49:06
Morrisberg,-115.52817480871327,-87.26843008240056,4571.541221955553,Suburban,Asia/Riyadh,2024-10-09T02:01:13
Port Paulbury,47.35767092598769,-62.80021753344464,4678.957199566725,Suburban,Europe/Monaco,2024-03-18T07:02:34
North Elizabeth,69.95680156966719,52.213636316857816,3906.70376266074,Rural,Europe/London,2024-06-18T12:57:19
Josetown,-15.142283908581675,-89.20075898658857,3408.348925776981,Rural,America/Guatemala,2024-08-30T07:37:43
Barbarafurt,-84.09680056491122,75.36533369655888,1198.4693045471784,Suburban,Africa/Maputo,2024-04-07T20:54:23
Hardytown,55.42605643656475,-55.48102125818677,3488.8548917071485,Suburban,Europe/Rome,2024-07-25T15:39:03
South Samueltown,-136.2350947457918,-29.01213710975035,52.34577731983936,Rural,Africa/Mbabane,2024-02-23T22:49:19
North Michaelside,53.22998829776387,-47.314732634423336,4198.5588417870695,Suburban,America/Hermosillo,2024-02-07T22:06:11
Melissastad,-65.01989680898924,-43.44630327162173,4590.675722958621,Rural,America/Belize,2024-02-16T20:30:14
East Angelaton,-55.966460809968524,72.43485814962625,1894.4194943301745,Suburban,Africa/Maputo,2024-02-21T12:00:19
North Mariah,145.27314693315077,-11.97743879161635,2868.6046489460664,Rural,Africa/Khartoum,2024-10-10T09:09:51
Barbaraton,16.490790048822447,-65.78768204036095,4483.733427232089,Rural,America/Tegucigalpa,2024-02-22T04:59:18
Wernerbury,-22.79228673178514,-51.1057266481981,1732.9478588138609,Rural,Asia/Dili,2024-03-23T09:19:51
Andersonport,125.3643122238837,-57.91526567398281,2454.796804545334,Rural,Pacific/Funafuti,2024-06-06T23:00:26
Bishopshire,-89.21050259343957,54.980487884038524,780.0972695323167,Rural,Europe/Warsaw,2024-06-07T18:15:47
East Joseph,111.20715577151611,-53.511966140634875,2935.410279342848,Rural,Asia/Amman,2024-04-24T14:12:57
Huntberg,-149.41961512342758,-61.578367809400305,4919.450254732682,Urban,Asia/Hovd,2024-02-28T05:05:37
West Daniellestad,17.46062110624763,-86.6256427765958,3236.21225767386,Suburban,Europe/Oslo,2024-04-21T22:21:38
Warrenborough,83.31523579487714,7.277803188336634,2663.4325456833812,Rural,Asia/Calcutta,2024-04-07T10:41:55
Jenniferburgh,-170.10820140300916,-71.71931346443009,3056.24133030143,Urban,Europe/Sofia,2024-03-23T19:32:07
Rachelton,-10.406135434958344,-23.587848476194324,1810.6797218599074,Rural,Asia/Dili,2024-09-11T00:53:06
East Jesusville,-108.8923675337172,50.853674845682065,1570.290955317581,Urban,Africa/Kinshasa,2024-04-07T23:28:09
West Tony,-139.48605972551965,73.70841944009439,522.3924721099354,Urban,Asia/Brunei,2024-05-05T14:34:51
Angelatown,68.49894182022317,-80.1193794055648,3560.3255150518266,Suburban,Africa/Casablanca,2024-07-13T13:50:01
Williambury,-145.09067160441657,-56.943236700793506,149.3123772747712,Rural,America/Antigua,2024-09-30T22:57:35
South Davidberg,-143.82609236285174,27.02278964649321,2190.0299580751207,Suburban,Asia/Kuching,2024-03-16T01:51:31
Ebonytown,-167.16924401370792,-70.85880198190229,3002.5834636619757,Urban,America/Cancun,2024-10-27T09:48:16
North Johnburgh,26.651568767341274,71.23073649237114,1365.4694831701543,Suburban,Asia/Jayapura,2024-10-13T22:33:52
Lisamouth,131.18407837962656,-15.09226825906967,3529.372643921717,Urban,Asia/Amman,2024-09-04T21:10:05
Parsonsland,46.77662367148929,30.22901942352135,2559.1781367505732,Suburban,Africa/Harare,2024-01-26T10:33:53
Parsonsberg,131.90145294874839,26.638977422165112,4390.719094219477,Rural,Asia/Gaza,2024-11-23T08:35:58
Rebeccaburgh,-163.89202474222387,-32.85521457416093,16.842941625746512,Urban,Asia/Dubai,2024-08-11T21:52:11
New Jeanetteland,-57.02042865702525,-73.53494089565133,3724.2600699162695,Urban,Indian/Comoro,2024-06-08T16:14:29
Latoyaville,147.97522337094523,-77.22720196909532,371.576040320058,Suburban,Europe/Ljubljana,2024-07-17T07:54:34
West Danielport,43.400667249158204,-41.84499027696896,2016.4327539111825,Urban,America/Antigua,2024-02-14T16:49:04
West Davidtown,123.13687042899068,34.771728074884535,675.4567326301359,Rural,Asia/Shanghai,2024-05-04T11:53:53
Juliefort,-125.90724854407874,79.16313072193586,694.4562327726117,Urban,Europe/Bucharest,2024-07-19T20:25:39
Jonesfort,175.13560694285383,17.200099726181506,2754.2072654481053,Suburban,Asia/Dushanbe,2024-02-05T14:06:28
Shannonfurt,127.75999534257801,-25.667929224560424,932.9655421390626,Urban,America/Montevideo,2024-07-09T15:09:30
South Donna,87.30067695717884,77.62154983768647,3032.465432039835,Rural,Africa/Casablanca,2024-08-15T23:04:28
South Robert,-38.83438075641877,-37.734608348461904,1968.326281214306,Rural,Europe/Minsk,2024-03-31T17:25:24
Taraton,21.56855307460563,-44.98369952267016,2894.3803161036185,Rural,Africa/Abidjan,2024-07-11T09:36:50
West Diana,-33.97465842724043,-59.99000499464064,108.18782395058457,Suburban,Africa/Cairo,2024-06-08T03:59:42
East Stevenside,-61.75480917299825,36.371123989686836,4727.268567232732,Suburban,Asia/Damascus,2024-09-20T15:21:20
Donnaburgh,32.67114478609949,-55.18551401759259,1050.3255692699959,Suburban,America/Barbados,2024-08-03T01:48:46
Jefferybury,-64.95208529255012,77.38226889107517,1279.862766794686,Urban,Africa/Maputo,2024-03-27T15:26:24
Troytown,-38.264296957318265,-77.11889747842879,4824.5043479951155,Urban,Africa/Nairobi,2024-04-22T06:15:41
East Staceytown,-39.90972091909185,-17.512289000571997,2190.3772066953993,Urban,Asia/Kuwait,2024-04-10T18:45:03
Port Michaelmouth,-94.47618934362752,-41.49377207963106,3560.2125096279024,Suburban,Asia/Thimphu,2024-11-03T12:41:28
Harrismouth,-112.66803759619015,39.259852863055414,197.54647596240017,Rural,Africa/Gaborone,2024-04-28T10:50:08
South Anthony,139.7328063873265,-9.82532062925506,1972.694136895763,Suburban,America/Belize,2024-06-16T16:40:54
Williamsonmouth,170.43610712456848,29.88989133546255,1650.4492457772285,Rural,Asia/Pontianak,2024-10-09T00:26:10
Julieton,-9.703045835505577,-8.966125675057626,3133.8433186057982,Rural,Asia/Damascus,2024-11-10T13:44:22
West Benjaminhaven,-104.1308110568761,65.36931095846936,4476.50516311386,Urban,Asia/Katmandu,2024-08-25T22:44:05
Lake Nathanfurt,-95.16194241632542,-84.23993837792277,2425.7669824956324,Suburban,Europe/Vatican,2024-07-19T17:56:13
East Tracey,55.47378932579235,-35.65949723913093,2057.5712445391823,Urban,Africa/Banjul,2024-07-02T18:44:50
East Juliehaven,138.44037656128944,-58.34172595551741,4592.110386656712,Rural,Africa/Bissau,2024-06-01T01:43:21
Catherineview,33.74656144783671,-54.078929303031366,184.5090943905192,Urban,Africa/Johannesburg,2024-09-17T20:27:10
Castroborough,-134.55297436594896,50.73954340836079,3939.122750226637,Urban,Asia/Samarkand,2024-01-08T02:28:07
South Samanthatown,-2.7411774013293666,75.82595312888603,2077.813413333087,Urban,Europe/Dublin,2024-03-01T23:41:34
Port Cynthiastad,-93.42080536200315,-18.222271336117146,4617.708080576224,Rural,Africa/Blantyre,2024-02-06T12:26:04
Johnsonton,99.50615796093956,78.81399164241304,3414.7395701605915,Urban,Africa/Douala,2024-05-22T01:48:08
North Staceyton,-1.5294104190915334,-85.88257110781643,3592.707100991891,Suburban,Africa/Nairobi,2024-07-20T14:32:46
Gomezfurt,153.82265400204534,-80.46919570079454,4418.373835951497,Rural,Europe/Chisinau,2024-02-10T00:26:36
Nelsonmouth,-136.70419165363,83.10999089706536,3094.2060992615143,Suburban,Africa/Blantyre,2024-10-27T21:44:38
Ianchester,-75.65441281023554,86.3079123639537,3285.6817521941216,Suburban,Asia/Gaza,2024-11-10T19:47:00
Cindyland,-123.05121338633857,-78.75494730072495,1628.6802421928403,Rural,Indian/Mahe,2024-03-24T07:30:22
Priceport,-107.78271835644136,61.49911628235304,1874.7048373146752,Urban,America/Belize,2024-08-29T07:59:13
Larryfurt,-127.61934540270508,40.1894952537117,2856.3051828444336,Rural,Europe/Dublin,2024-03-06T21:09:53
South Coreymouth,13.485219490904143,62.550418565488116,2342.5752756924294,Suburban,America/St_Johns,2024-03-24T07:31:26
Graveshaven,79.41192874023744,-48.193952819824716,1053.761921029388,Suburban,Africa/Kampala,2024-09-17T10:16:09
New Amyville,-32.72420309751425,24.93154305604061,1192.9145447869478,Urban,Pacific/Tongatapu,2024-05-05T14:39:41
Port Janetview,-150.32023585646095,71.41484983560443,2693.2913744294383,Urban,Africa/Brazzaville,2024-06-29T16:12:20
Curtisfort,5.375640369028531,7.881491708419034,638.3828347567788,Suburban,Africa/Abidjan,2024-05-02T23:19:16
Lake Christina,-68.5625443325761,-23.48588508519417,4690.539618261041,Urban,Africa/Harare,2024-03-23T04:48:55
Port Jared,163.01444438718136,45.35760034725482,489.07985201882275,Urban,Europe/Budapest,2024-09-23T08:39:08
Barnesburgh,153.94371038131317,-31.846747093879337,1212.3993732757826,Urban,Asia/Bahrain,2024-09-06T08:23:28
Sherryville,128.55971032191957,63.05118676510773,2412.184663124103,Rural,Pacific/Tongatapu,2024-01-25T07:18:15
Rangelmouth,-163.52852780822818,11.272192090776187,1501.9811567845936,Suburban,America/El_Salvador,2024-08-02T19:06:03
Abigailstad,-31.5605457039874,87.91797824969223,2863.9071865347933,Urban,Asia/Yerevan,2024-03-28T16:04:31
East Barbarastad,-30.989746277876066,40.50205024477441,2143.7286306094493,Urban,Indian/Comoro,2024-05-05T03:47:40
Lake Melissaberg,-102.18664474122383,18.612391760428963,4485.29750442487,Rural,Africa/Bamako,2024-09-06T18:26:46
Smithport,-31.65454844058044,43.981899605751835,3483.3041107030494,Rural,Africa/Gaborone,2024-08-22T21:14:23
Lake Wendy,148.8671012014991,-80.30068757491557,2587.1236996347507,Urban,Africa/Abidjan,2024-03-02T11:31:20
North Justin,-18.883836333539136,47.3983792428769,3077.4196644505046,Urban,Europe/Skopje,2024-11-02T10:37:24
Ryanhaven,43.336490528444244,-88.92159026268871,3631.9930280163157,Rural,Asia/Amman,2024-04-07T04:13:52
South Alexanderhaven,112.56307190332353,61.828806696769846,2009.1793429428328,Suburban,Asia/Pyongyang,2024-03-23T23:06:49
Richardchester,109.97110727461546,5.347888815464572,2094.3804792106375,Rural,Europe/Belgrade,2024-06-23T06:46:04
Abbottstad,154.72120498555637,-9.565613048630155,4534.363246979491,Rural,Africa/Mbabane,2024-06-10T00:16:38
Johnberg,83.9041791897572,47.94727916314369,1123.5119556900952,Suburban,Australia/Broken_Hill,2024-11-13T21:03:32
Laurenchester,-132.0253741764605,-51.91012812963549,3073.3151948141845,Urban,America/Guatemala,2024-07-23T19:35:05
North Deannastad,-119.05607293905298,24.2154140449899,949.9661642865265,Rural,Africa/Freetown,2024-08-21T14:30:07
Bennettfort,132.25372676709037,86.03354337217095,3667.0454249478785,Urban,Europe/Vatican,2024-08-04T14:23:47
Rachaelbury,30.5320994577352,42.09232391687354,3455.9758679326746,Urban,America/La_Paz,2024-05-11T20:41:35
North Baileyfort,-124.18944942071244,73.59102164897527,1626.0152770680065,Rural,Europe/Athens,2024-09-27T20:58:44
West Cassie,161.09312045738028,15.175726044344586,3890.3728938323075,Rural,Europe/Dublin,2024-01-04T00:57:45
West Adrianafurt,152.58574430821784,83.98899962381336,3943.14024834694,Urban,Africa/Tripoli,2024-10-11T02:16:32
Port Thomas,-142.36193824989914,44.25397990352673,4261.027747724589,Suburban,Europe/Monaco,2024-05-05T16:17:28
Jenniferview,41.40331953864958,28.711946821111937,3559.0019869677817,Rural,Europe/Monaco,2024-04-08T03:10:31
Port Nicholas,-93.68349950958137,76.25849708470625,4516.740201764506,Suburban,Asia/Calcutta,2024-03-15T08:53:09
Lake Susanhaven,44.85782151028798,15.381948784089445,2905.190169584592,Suburban,Africa/Brazzaville,2024-04-02T07:07:51
South Chelsey,32.47425927106602,-21.090864433298975,3286.4548759753925,Rural,Europe/Athens,2024-07-23T15:20:16
Camposborough,80.95246927298939,-26.09116211658518,2255.2417482534265,Suburban,Asia/Colombo,2024-10-24T07:49:00
South Jesse,-159.98563509640664,88.11597939123376,368.4033035006973,Urban,Asia/Dili,2024-11-14T03:47:47
Shannonhaven,69.45615968995912,-69.48109709762427,118.67598871596773,Rural,Europe/Minsk,2024-01-25T12:36:41
New Laura,50.67411218844305,-68.36188006289234,577.9219784051226,Rural,Asia/Bishkek,2024-05-20T08:29:44
Lake Cody,127.69542083396874,-45.17776255819465,4921.72645430837,Rural,Africa/Lusaka,2024-06-04T09:46:18
Yangfurt,91.82334409855702,-20.234192507769748,2594.9958149295867,Rural,America/Antigua,2024-06-19T04:43:11
Caldwellchester,51.10756255380511,-67.8484627955935,676.8537962248189,Suburban,America/Grenada,2024-09-13T19:02:20
Changborough,-155.676027816591,30.58800906540705,2757.109192284692,Rural,Europe/Oslo,2024-07-13T01:47:55
